,Aggregate,Delayable,Social,Staple,Work Related
2020-01-13,93.97,97.08,88.84,95.79,91.24
2020-01-14,92.8,94.55,89.5,94.28,90.9
2020-01-15,92.67,93.91,90.9,93.12,91.72
2020-01-16,93.02,93.19,92.4,93.54,92.39
2020-01-17,93.13,92.13,93.56,93.82,93.35
2020-01-20,94.8,93.66,95.41,95.19,96.36
2020-01-21,95.19,93.67,96.0,95.74,97.02
2020-01-22,95.73,94.51,95.94,96.47,97.62
2020-01-23,95.67,94.65,95.73,96.21,98.26
2020-01-24,95.31,94.87,93.94,96.39,98.45
2020-01-27,98.09,99.28,96.82,97.72,99.07
2020-01-28,98.32,99.31,96.33,98.87,99.16
2020-01-29,98.99,100.1,96.49,100.07,98.91
2020-01-30,98.68,100.16,94.91,100.4,99.0
2020-01-31,100.66,101.89,98.85,101.22,99.4
2020-02-03,101.76,101.81,99.34,104.16,100.62
2020-02-04,102.05,102.51,100.12,103.54,100.93
2020-02-05,101.76,102.04,100.27,103.02,100.82
2020-02-06,101.96,101.02,102.25,103.03,100.61
2020-02-07,101.41,101.27,100.58,102.48,100.75
2020-02-10,96.99,96.47,96.71,97.26,99.59
2020-02-11,96.76,96.81,96.49,96.77,97.57
2020-02-12,96.62,96.54,96.37,96.62,98.02
2020-02-13,97.76,99.22,96.39,97.23,98.47
2020-02-14,98.55,99.71,96.19,99.43,98.47
2020-02-17,98.44,97.45,95.66,102.12,98.38
2020-02-18,100.59,98.84,100.86,102.54,99.52
2020-02-19,101.59,100.91,102.48,102.02,99.37
2020-02-20,101.72,100.92,104.22,100.84,99.34
2020-02-21,101.41,100.65,106.27,98.32,99.11
2020-02-24,103.0,104.21,108.63,97.14,100.04
2020-02-25,100.59,101.6,103.02,97.13,101.08
2020-02-26,99.51,99.7,100.3,98.11,101.57
2020-02-27,98.69,99.09,97.92,98.14,102.4
2020-02-28,98.83,99.21,95.93,100.09,103.34
2020-03-02,103.76,104.89,98.08,106.84,107.72
2020-03-03,104.85,106.72,98.47,107.61,109.46
2020-03-04,105.83,107.27,99.06,109.51,110.11
2020-03-05,106.7,108.74,98.75,111.02,109.9
2020-03-06,107.15,109.89,98.86,111.18,109.54
2020-03-09,104.42,107.68,95.75,108.29,106.41
2020-03-10,104.02,107.3,94.6,108.85,104.66
2020-03-11,103.55,107.17,94.49,107.79,103.59
2020-03-12,103.09,106.2,93.99,108.04,102.74
2020-03-13,102.59,106.02,91.05,109.61,101.32
2020-03-16,100.48,103.52,80.76,115.72,97.85
2020-03-17,100.2,103.21,76.5,119.41,96.18
2020-03-18,99.92,102.3,72.4,123.52,95.02
2020-03-19,98.65,100.52,66.16,127.38,93.7
2020-03-20,97.16,99.05,61.06,129.11,92.6
2020-03-23,81.26,80.93,39.26,118.92,86.73
2020-03-24,76.9,76.06,36.36,113.7,82.75
2020-03-25,70.54,69.34,30.95,106.52,78.12
2020-03-26,65.43,63.73,28.19,100.3,70.71
2020-03-27,60.19,57.43,25.65,94.11,63.94
2020-03-30,49.92,44.14,17.26,87.2,45.65
2020-03-31,50.05,44.51,18.94,86.74,40.81
2020-04-01,51.45,46.72,19.04,89.54,36.92
2020-04-02,52.68,48.2,19.22,91.84,36.36
2020-04-03,53.48,49.3,19.48,93.14,35.55
2020-04-06,55.59,51.77,23.42,93.8,34.85
2020-04-07,54.88,51.23,20.92,94.29,35.24
2020-04-08,54.58,51.87,20.36,93.13,35.27
2020-04-09,55.14,53.09,20.54,93.41,35.2
2020-04-14,52.04,53.38,19.91,83.71,34.72
2020-04-15,53.3,53.31,20.42,87.54,34.06
2020-04-16,52.69,52.71,20.34,86.25,34.3
2020-04-17,53.88,54.01,20.1,88.79,34.8
2020-04-20,54.17,54.41,21.71,87.7,35.27
2020-04-21,57.53,56.4,20.64,97.43,35.04
2020-04-22,56.8,56.79,20.79,94.23,36.23
2020-04-23,57.27,57.04,21.36,94.94,36.28
2020-04-24,57.56,57.17,21.58,95.36,37.13
2020-04-27,60.02,59.87,22.76,98.63,39.94
2020-04-28,60.63,60.68,23.03,99.35,40.46
2020-04-29,61.47,61.88,23.48,100.3,40.65
2020-04-30,61.93,62.33,23.56,101.16,40.94
2020-05-01,63.47,64.02,24.19,103.71,40.81
2020-05-04,64.08,64.92,25.16,103.69,41.31
2020-05-05,65.36,65.89,25.47,106.44,41.58
2020-05-06,65.39,65.95,25.39,106.36,42.38
2020-05-07,65.91,66.98,25.51,106.59,43.33
2020-05-11,64.12,65.53,26.68,101.02,44.72
2020-05-12,63.74,64.92,26.91,100.22,44.87
2020-05-13,63.46,65.38,27.31,98.41,44.97
2020-05-14,63.21,65.27,27.55,97.39,45.4
2020-05-15,64.11,66.3,27.33,99.27,46.02
2020-05-18,66.19,68.01,29.79,101.29,48.59
2020-05-19,65.89,68.6,30.04,99.14,49.83
2020-05-20,66.65,69.35,30.05,100.61,50.68
2020-05-21,67.31,70.5,30.37,100.99,51.42
2020-05-22,68.22,71.95,30.99,101.55,52.38
2020-05-26,69.31,73.56,33.6,100.44,54.62
2020-05-27,70.37,73.04,34.91,103.18,55.06
2020-05-28,70.36,72.67,35.35,102.98,55.8
2020-05-29,70.91,72.57,35.62,104.39,56.97
2020-06-01,72.02,73.13,38.38,104.17,60.1
2020-06-02,76.0,77.09,36.91,113.29,63.53
2020-06-03,75.42,76.94,36.93,111.26,64.79
2020-06-04,75.83,76.75,37.84,111.91,65.17
2020-06-05,75.58,77.29,38.49,110.04,64.41
2020-06-08,77.1,83.55,40.79,106.55,61.38
2020-06-09,76.04,83.12,40.81,103.72,60.6
2020-06-10,75.98,84.63,40.86,101.89,60.22
2020-06-11,76.59,87.03,41.16,100.92,60.08
2020-06-12,76.41,86.8,41.04,100.69,60.19
2020-06-15,75.43,84.23,41.36,99.64,62.26
2020-06-16,76.49,85.93,42.07,100.29,63.33
2020-06-17,77.28,87.22,42.75,100.72,63.78
2020-06-18,77.55,87.19,43.17,101.12,64.38
2020-06-19,78.33,88.45,43.71,101.6,64.97
2020-06-22,82.48,96.39,44.65,104.9,67.2
2020-06-23,82.38,96.41,44.68,104.43,67.53
2020-06-24,82.63,97.1,44.47,104.41,68.67
2020-06-25,81.12,95.34,41.47,104.34,68.19
2020-06-26,83.69,98.67,45.39,104.71,71.32
2020-06-29,85.8,100.23,48.37,106.15,75.56
2020-06-30,86.59,100.92,49.58,106.74,76.02
2020-07-01,87.5,100.76,50.61,108.91,76.15
2020-07-02,89.45,103.34,52.06,110.65,77.9
2020-07-03,88.1,102.92,48.04,110.73,76.44
2020-07-06,87.31,102.2,49.36,108.07,75.01
2020-07-07,87.36,101.6,49.84,108.28,75.91
2020-07-08,86.93,102.5,50.37,105.3,76.34
2020-07-09,86.89,101.65,53.02,103.69,76.39
2020-07-10,85.96,99.38,53.8,102.43,76.6
2020-07-13,84.49,94.06,55.49,101.37,79.75
2020-07-14,84.3,94.17,55.48,100.56,80.22
2020-07-15,84.06,93.12,55.7,100.67,80.58
2020-07-16,84.03,93.58,55.51,100.07,81.2
2020-07-17,83.98,92.38,56.49,100.18,82.02
2020-07-20,83.19,91.14,55.23,100.0,82.83
2020-07-21,82.4,89.9,53.96,99.81,83.65
2020-07-22,81.05,89.65,51.64,97.68,84.27
2020-07-23,79.35,87.27,48.95,97.14,84.82
2020-07-24,80.37,88.67,50.51,97.4,85.28
2020-07-27,81.7,90.5,51.62,98.74,84.79
2020-07-28,83.02,92.33,52.73,100.08,84.31
2020-07-29,84.87,92.43,55.37,103.59,84.25
2020-07-30,87.0,94.98,58.87,104.34,84.66
2020-07-31,87.39,95.52,58.58,105.06,85.6
2020-08-03,90.33,98.18,59.22,110.0,90.64
2020-08-04,90.54,99.79,59.58,108.22,92.07
2020-08-05,90.12,99.2,60.06,107.01,92.41
2020-08-06,90.25,98.98,60.21,107.53,92.49
2020-08-07,90.1,99.36,60.19,106.68,92.23
2020-08-10,87.29,95.98,59.18,102.51,91.08
2020-08-11,86.7,94.72,59.54,101.6,91.36
2020-08-12,86.55,94.28,59.75,101.26,92.06
2020-08-13,85.56,92.83,59.73,99.6,92.53
2020-08-14,85.38,92.17,60.0,99.51,92.38
2020-08-17,86.51,95.11,60.72,99.7,90.31
2020-08-18,86.54,95.84,60.79,99.08,89.63
2020-08-19,86.91,97.27,60.8,98.7,89.35
2020-08-20,87.24,98.11,61.55,98.23,89.05
2020-08-21,86.77,97.82,60.57,97.82,89.56
2020-08-24,88.02,99.46,62.85,97.7,90.68
2020-08-25,88.46,100.53,62.79,97.87,91.26
2020-08-26,87.57,99.19,60.49,98.6,91.2
2020-08-27,89.75,102.63,62.16,100.14,92.03
2020-08-28,91.29,104.6,63.92,101.27,92.3
2020-09-01,95.44,108.94,68.29,105.06,96.09
2020-09-02,99.1,113.85,70.92,108.8,97.38
2020-09-03,97.99,112.13,69.53,108.45,97.09
2020-09-04,97.02,110.2,69.18,107.84,96.78
2020-09-07,94.12,102.79,70.77,105.27,96.63
2020-09-08,93.67,105.37,66.02,105.81,94.19
2020-09-09,90.55,100.41,66.08,101.35,93.26
2020-09-10,89.36,97.71,65.73,100.77,93.46
2020-09-11,88.71,96.83,65.31,100.0,93.6
2020-09-14,90.04,101.77,65.06,98.86,94.37
2020-09-15,87.61,95.06,64.62,98.74,95.02
2020-09-16,87.36,94.33,64.58,98.67,95.52
2020-09-17,87.81,95.31,65.18,98.56,95.15
2020-09-18,86.63,94.03,62.82,98.38,94.95
2020-09-21,88.48,97.26,64.85,99.23,93.43
2020-09-22,87.71,95.89,64.35,98.93,92.48
2020-09-23,88.08,96.99,63.72,99.72,91.42
2020-09-24,87.53,96.25,62.46,100.12,90.51
2020-09-25,88.74,97.89,64.27,100.7,89.76
2020-09-28,89.47,98.06,62.37,104.72,89.29
2020-09-29,90.09,98.34,62.34,106.49,89.12
2020-09-30,90.36,98.62,62.49,106.92,89.13
2020-10-01,91.97,100.82,63.03,109.04,89.8
2020-10-02,92.84,101.67,63.33,110.54,90.27
2020-10-05,93.51,105.51,64.0,108.58,86.75
2020-10-06,92.92,106.66,64.23,105.31,86.16
2020-10-07,93.34,106.91,63.98,106.71,85.77
2020-10-08,92.15,106.25,63.33,104.27,85.34
2020-10-09,90.08,105.32,59.63,102.11,84.6
2020-10-12,89.39,103.47,61.13,100.35,85.69
2020-10-13,89.55,103.08,60.6,101.81,85.54
2020-10-14,88.25,101.68,60.48,99.3,85.42
2020-10-15,88.27,101.72,60.19,99.61,85.19
2020-10-16,89.38,101.77,63.51,100.07,85.4
2020-10-19,87.92,100.39,59.94,100.38,84.37
2020-10-20,87.99,100.48,59.95,100.53,84.12
2020-10-21,87.9,100.02,59.93,100.94,83.36
2020-10-22,87.64,99.1,60.15,101.0,82.97
2020-10-23,87.99,100.18,60.17,101.05,82.37
2020-10-26,88.5,99.81,60.77,102.74,81.65
2020-10-27,89.54,101.78,61.34,103.39,81.72
2020-10-28,90.84,104.14,62.01,104.25,82.17
2020-10-29,92.05,105.99,62.48,105.63,82.5
2020-10-30,92.77,106.22,63.34,106.88,82.63
2020-11-02,98.44,114.13,65.81,113.86,84.26
2020-11-03,101.11,118.7,66.08,116.99,85.14
2020-11-04,103.26,123.63,65.0,119.17,86.35
2020-11-05,105.11,128.64,64.69,119.63,87.56
2020-11-06,101.86,122.85,62.52,117.75,86.5
2020-11-09,87.02,95.77,53.58,110.19,76.32
2020-11-10,81.75,85.18,52.19,106.79,73.39
2020-11-11,77.33,76.07,51.04,104.33,70.31
2020-11-12,73.13,66.52,50.58,102.57,66.72
2020-11-13,74.1,68.28,51.26,103.38,65.53
2020-11-16,76.71,73.08,53.69,104.38,64.99
2020-11-17,77.31,74.88,53.17,104.78,65.08
2020-11-18,77.84,76.17,53.28,104.92,65.19
2020-11-19,77.9,77.08,51.97,105.25,65.36
2020-11-20,78.39,78.53,51.37,105.75,65.57
2020-11-23,81.06,83.96,51.74,107.73,66.85
2020-11-24,82.28,86.62,51.91,107.99,69.56
2020-11-25,83.03,87.87,52.1,108.86,69.51
2020-11-26,84.49,89.97,52.93,110.47,69.63
2020-11-27,86.1,92.73,53.5,112.0,70.06
2020-11-30,93.0,106.27,54.81,117.63,72.27
2020-12-01,95.65,111.2,55.13,120.78,70.63
2020-12-02,97.02,111.56,56.03,123.65,72.25
2020-12-03,101.11,121.96,56.5,124.49,74.09
2020-12-04,103.25,126.83,57.33,124.92,75.6
2020-12-07,109.47,143.66,59.64,123.0,81.15
2020-12-08,110.57,147.42,60.18,121.62,82.37
2020-12-09,113.11,155.01,60.64,120.79,83.15
2020-12-10,111.78,150.7,61.01,120.88,83.5
2020-12-11,111.96,151.04,60.96,121.08,83.72
2020-12-14,110.71,148.07,61.39,120.11,82.95
2020-12-15,111.13,148.4,61.46,121.13,82.58
2020-12-16,111.52,148.8,61.61,121.81,82.51
2020-12-17,111.66,149.12,60.89,122.67,82.12
2020-12-18,112.03,149.38,60.53,123.9,82.18
2020-12-21,112.18,145.15,58.28,131.2,82.04
2020-12-22,114.25,143.55,57.37,140.63,81.6
2020-12-23,115.93,140.47,56.58,150.41,81.01
2020-12-24,118.0,137.48,56.15,160.82,81.25
2020-12-29,72.5,75.37,39.47,102.01,61.06
2020-12-30,67.29,69.56,39.37,92.4,57.66
2020-12-31,62.16,64.6,39.2,82.14,54.37
2021-01-04,61.53,58.58,43.66,82.95,53.4
2021-01-05,69.75,60.91,47.45,103.46,54.01
2021-01-06,67.28,57.2,46.02,100.8,54.36
2021-01-07,64.65,53.31,44.8,97.79,54.03
2021-01-08,64.78,52.96,43.83,99.36,54.7
2021-01-11,67.64,53.74,44.39,106.91,56.37
2021-01-12,65.98,53.04,44.12,102.72,55.56
2021-01-13,65.31,51.7,44.07,102.13,55.33
2021-01-14,64.83,50.86,44.1,101.51,55.14
2021-01-15,64.65,50.99,44.69,100.32,54.7
2021-01-18,65.15,51.3,45.13,101.12,55.18
2021-01-19,64.97,51.02,44.81,101.07,55.43
2021-01-20,64.91,50.99,44.86,100.86,55.48
2021-01-21,64.63,50.42,44.85,100.59,55.5
2021-01-22,65.12,50.83,45.16,101.34,55.96
2021-01-25,65.44,51.24,46.23,100.7,57.1
2021-01-26,65.89,51.54,46.98,101.06,57.52
2021-01-27,66.7,52.6,47.58,101.8,58.13
2021-01-28,67.94,54.12,48.36,103.25,59.01
2021-01-29,68.8,54.73,48.59,105.01,59.64
2021-02-01,72.96,57.88,52.34,111.09,61.88
2021-02-02,74.94,59.01,56.12,112.69,62.36
2021-02-03,75.17,59.12,56.38,113.08,62.31
2021-02-04,75.56,59.55,56.84,113.47,62.26
2021-02-05,75.59,59.83,57.43,112.7,62.29
2021-02-08,74.6,59.66,57.1,110.07,61.88
2021-02-09,73.38,59.82,54.86,108.09,61.38
2021-02-10,72.69,58.81,55.1,106.76,61.37
2021-02-11,72.25,58.27,54.7,106.24,61.59
2021-02-12,72.63,58.76,54.67,106.89,61.98
2021-02-15,74.0,58.93,55.91,109.76,63.16
2021-02-16,74.66,58.7,57.14,110.9,63.76
2021-02-17,75.15,59.69,56.97,111.42,64.28
2021-02-18,75.14,59.81,56.88,111.32,64.37
2021-02-19,74.66,59.09,57.14,110.33,64.37
2021-02-22,73.34,57.5,59.07,106.04,64.32
2021-02-23,72.34,56.63,57.8,105.0,64.09
2021-02-24,72.08,56.29,58.41,103.93,64.17
2021-02-25,72.47,56.17,59.08,104.7,64.41
2021-02-26,73.32,57.2,59.62,105.69,64.93
2021-03-01,78.44,62.01,62.82,112.91,70.08
2021-03-02,80.64,64.21,63.83,116.36,71.54
2021-03-03,82.33,65.55,64.2,119.81,72.46
2021-03-04,82.83,66.41,64.41,120.13,73.1
2021-03-05,83.11,66.48,64.74,120.6,73.37
2021-03-08,81.05,63.9,64.11,117.73,71.71
2021-03-09,80.29,63.18,63.81,116.33,71.75
2021-03-10,79.68,62.84,63.61,114.83,72.14
2021-03-11,79.72,63.21,63.22,114.85,72.46
2021-03-12,78.63,62.72,62.52,112.39,72.91
2021-03-15,80.48,62.23,63.69,117.49,74.7
2021-03-16,80.65,62.31,64.68,116.98,75.08
2021-03-17,80.84,61.59,66.23,116.94,75.27
2021-03-18,80.54,60.76,66.97,116.08,75.89
2021-03-19,81.17,60.1,68.03,117.82,76.29
2021-03-22,78.74,59.26,68.27,110.7,75.98
2021-03-23,78.31,58.75,67.35,110.67,76.08
2021-03-24,76.18,56.96,61.35,111.21,76.23
2021-03-25,78.22,59.59,65.51,111.07,76.42
2021-03-26,79.07,60.69,65.22,112.75,76.98
2021-03-29,82.71,64.84,67.09,117.8,78.94
2021-03-30,83.85,66.08,67.38,119.66,79.91
2021-03-31,87.04,68.97,73.07,121.21,81.6
2021-04-01,87.71,68.78,70.09,125.88,83.68
2021-04-06,81.75,60.09,69.86,115.69,87.11
2021-04-07,85.49,65.2,71.98,120.33,86.37
2021-04-08,83.41,63.53,71.66,116.03,85.15
2021-04-09,83.76,64.08,70.94,117.15,85.32
2021-04-12,83.34,61.58,75.08,114.67,85.99
2021-04-13,90.47,79.07,74.56,118.81,85.72
2021-04-14,88.73,81.68,72.48,111.88,86.9
2021-04-15,91.27,89.07,72.19,111.89,88.07
2021-04-16,93.29,95.37,71.91,111.29,89.78
2021-04-19,102.2,121.96,70.5,110.54,95.66
2021-04-20,99.98,115.63,70.29,110.53,96.03
2021-04-21,98.99,112.36,70.54,110.72,96.22
2021-04-22,98.32,110.44,70.5,110.67,96.38
2021-04-23,97.41,108.21,70.48,110.22,96.46
2021-04-26,97.76,105.97,71.71,112.37,98.17
2021-04-27,97.73,105.34,71.93,112.69,98.46
2021-04-28,98.12,105.38,72.65,113.21,98.62
2021-04-29,99.05,105.51,73.98,114.79,99.09
2021-04-30,100.28,106.33,75.44,116.41,99.66
2021-05-04,103.17,108.81,82.17,116.84,99.64
2021-05-05,106.2,112.01,84.39,121.07,99.81
2021-05-06,105.88,111.38,85.73,119.49,99.86
2021-05-07,104.54,109.52,85.0,117.97,99.45
2021-05-10,103.82,107.95,87.88,114.94,98.6
2021-05-11,101.41,103.01,83.8,116.81,96.47
2021-05-12,97.81,98.35,82.21,111.75,96.54
2021-05-13,97.08,97.3,81.03,111.65,96.6
2021-05-14,97.02,96.6,82.06,111.27,96.63
2021-05-17,96.06,94.99,81.12,110.49,98.09
2021-05-18,95.63,93.78,81.9,109.67,98.53
2021-05-19,95.56,94.11,82.77,108.18,98.93
2021-05-20,95.72,94.22,83.31,107.99,99.37
2021-05-21,96.13,95.21,83.66,107.75,99.94
2021-05-24,94.97,91.31,85.64,105.99,102.43
2021-05-25,95.13,91.96,85.47,105.83,102.93
2021-05-26,95.5,91.61,85.25,107.49,103.61
2021-05-27,95.3,90.55,85.17,107.92,104.4
2021-05-28,95.95,90.69,85.31,109.4,106.05
2021-06-01,97.88,90.17,86.87,112.8,115.49
2021-06-02,101.33,94.07,88.43,117.83,117.19
2021-06-03,101.8,95.14,88.78,117.67,118.04
2021-06-04,101.93,95.43,88.88,117.68,117.9
2021-06-07,100.23,93.57,89.48,113.99,116.57
2021-06-08,99.52,94.21,84.1,116.75,112.67
2021-06-09,95.74,88.88,83.11,111.59,111.43
2021-06-10,95.2,88.27,82.61,111.08,110.95
2021-06-11,94.33,87.83,81.66,109.69,110.56
2021-06-14,93.25,87.06,79.38,109.08,110.84
2021-06-15,92.04,84.7,78.75,108.35,110.95
2021-06-16,92.12,85.81,78.55,107.49,111.13
2021-06-17,90.43,83.64,78.37,104.59,111.12
2021-06-18,91.04,83.24,78.03,107.37,110.94
2021-06-21,91.62,83.83,79.05,108.12,108.94
2021-06-22,91.77,84.65,79.55,107.32,108.43
2021-06-23,91.55,84.47,79.63,106.85,107.87
2021-06-24,92.32,85.3,79.4,108.7,107.69
2021-06-25,91.53,85.55,79.74,105.48,107.99
2021-06-28,93.47,87.9,83.2,105.46,110.33
2021-06-29,94.53,88.79,84.33,106.74,110.95
2021-06-30,95.18,89.21,85.17,107.6,111.12
2021-07-01,96.62,90.36,85.88,110.12,112.1
2021-07-02,98.0,91.54,87.18,111.91,112.98
2021-07-05,98.09,91.36,87.73,112.1,111.9
2021-07-06,97.83,91.25,87.25,111.87,111.82
2021-07-07,97.99,91.79,87.28,111.75,111.8
2021-07-08,97.26,91.25,87.79,109.79,110.58
2021-07-09,96.17,89.63,88.7,107.41,109.74
2021-07-12,94.54,88.73,85.58,105.92,109.93
2021-07-13,93.14,85.62,86.72,103.93,109.36
2021-07-14,92.58,85.13,86.57,102.73,109.64
2021-07-15,92.05,85.03,85.45,101.99,110.32
2021-07-16,91.88,85.64,83.44,102.49,110.93
2021-07-19,91.4,84.49,81.76,102.91,114.77
2021-07-20,93.06,87.67,81.25,104.84,116.48
2021-07-21,93.6,88.06,81.56,105.68,117.43
2021-07-22,94.01,88.12,82.23,106.14,118.29
2021-07-23,94.21,87.65,82.96,106.42,119.32
2021-07-26,95.03,88.79,86.78,104.57,118.19
2021-07-27,94.85,88.71,86.85,104.08,117.85
2021-07-28,94.84,88.72,87.43,103.65,117.19
2021-07-29,95.57,90.09,88.34,103.82,116.45
2021-07-30,96.13,90.87,89.49,103.87,115.76
2021-08-02,98.86,92.86,93.28,107.03,115.87
2021-08-03,99.49,93.17,94.18,107.76,116.36
2021-08-04,100.08,93.62,94.8,108.51,116.84
2021-08-05,99.32,91.74,94.58,108.36,116.89
2021-08-06,99.33,92.11,94.83,107.91,116.13
2021-08-09,96.9,89.66,94.26,103.86,113.33
2021-08-10,96.27,89.21,93.89,102.84,112.56
2021-08-11,95.15,88.48,92.02,101.75,112.35
2021-08-12,95.19,88.9,92.4,101.07,112.43
2021-08-13,95.03,88.72,92.33,100.65,113.06
2021-08-16,94.34,86.9,92.08,100.16,115.57
2021-08-17,94.11,86.57,91.89,99.88,115.81
2021-08-18,93.88,86.65,91.33,99.63,115.46
2021-08-19,93.87,87.07,91.02,99.46,115.25
2021-08-20,93.35,86.41,90.61,98.99,114.85
2021-08-23,93.28,87.1,90.03,98.86,113.25
2021-08-24,92.77,86.48,89.48,98.4,113.32
2021-08-25,92.83,86.43,89.47,98.53,113.86
2021-08-26,93.35,86.97,89.59,99.33,114.66
2021-08-27,93.81,86.97,89.6,100.6,115.68
2021-08-31,95.68,89.9,90.55,102.03,117.98
2021-09-01,98.53,93.17,91.14,106.99,118.5
2021-09-02,99.11,93.75,91.5,107.93,118.26
2021-09-03,99.59,94.97,91.69,108.14,117.41
2021-09-06,98.02,92.6,91.64,105.67,117.73
2021-09-07,100.74,98.38,90.86,108.97,116.74
2021-09-08,96.72,90.76,90.98,104.34,116.75
2021-09-09,94.57,86.4,90.57,102.49,117.16
2021-09-10,93.37,84.48,90.28,100.98,117.31
2021-09-13,92.79,83.81,90.57,99.65,116.99
2021-09-14,92.66,83.91,90.52,99.25,116.62
2021-09-15,92.45,84.83,89.82,98.39,115.6
2021-09-16,92.96,85.16,90.95,98.77,115.0
2021-09-17,93.2,85.98,90.67,98.79,115.38
2021-09-20,93.59,86.52,90.73,99.22,116.36
2021-09-21,93.96,87.26,90.83,99.4,116.78
2021-09-22,93.91,86.55,90.58,100.13,117.43
2021-09-23,94.49,88.3,90.44,100.15,117.51
2021-09-24,94.2,88.14,90.7,98.85,119.01
2021-09-27,98.75,89.33,91.42,104.44,152.37
2021-09-28,99.17,88.59,92.4,105.42,153.84
2021-09-29,99.76,88.03,93.12,106.87,155.78
2021-09-30,100.31,88.09,93.97,107.43,157.55
2021-10-01,102.13,88.63,94.6,112.13,157.68
2021-10-04,101.81,93.23,97.17,111.27,122.14
2021-10-05,102.04,94.01,97.32,112.05,117.31
2021-10-06,102.38,95.68,97.63,111.19,116.43
2021-10-07,102.19,95.81,97.54,110.96,114.29
2021-10-08,100.81,95.2,97.24,108.05,111.44
2021-10-11,98.41,93.05,96.66,104.01,107.66
2021-10-12,97.64,92.48,96.02,102.38,109.31
2021-10-13,97.4,92.16,97.23,101.45,106.43
2021-10-14,97.02,91.82,97.4,100.73,105.19
2021-10-15,97.05,92.93,96.67,100.38,104.54
2021-10-18,97.31,93.58,96.74,100.42,104.67
2021-10-19,97.39,93.83,96.55,100.49,104.95
2021-10-20,97.16,94.24,95.03,100.68,105.03
2021-10-21,96.91,93.08,95.13,101.0,105.38
2021-10-22,96.64,91.77,95.09,101.45,106.23
2021-10-25,96.71,92.6,93.09,101.99,108.91
2021-10-26,97.76,93.94,93.61,103.1,110.36
2021-10-27,98.5,94.7,93.72,104.25,111.84
2021-10-28,99.85,97.57,93.94,104.99,112.96
2021-10-29,101.73,99.86,95.31,107.09,113.75
2021-11-01,104.41,101.4,96.69,112.22,116.5
2021-11-02,104.78,101.31,96.83,113.26,117.15
2021-11-03,105.39,102.18,97.13,113.86,117.85
2021-11-04,105.09,101.68,95.93,114.45,118.3
2021-11-05,103.79,99.64,95.11,113.11,118.86
2021-11-08,102.41,99.59,93.94,109.69,119.25
2021-11-09,101.78,99.4,93.68,108.11,119.14
2021-11-10,101.38,99.85,92.95,107.02,118.96
2021-11-11,101.18,99.77,93.04,106.39,118.86
2021-11-12,101.65,101.95,92.72,105.89,118.36
2021-11-15,101.52,102.58,92.48,105.2,117.4
2021-11-16,102.08,103.87,92.42,105.63,117.47
2021-11-17,102.38,103.96,92.82,106.08,117.57
2021-11-18,102.59,104.34,92.51,106.54,117.94
2021-11-19,102.69,104.45,92.49,106.7,118.36
2021-11-22,103.91,107.04,92.72,107.3,119.55
2021-11-23,104.96,107.6,92.69,110.05,119.88
2021-11-24,105.14,110.22,92.3,107.97,120.28
2021-11-25,105.89,111.47,92.9,108.38,120.53
2021-11-26,107.48,114.37,92.96,110.04,121.55
2021-11-29,114.78,129.72,94.15,115.04,123.84
2021-11-30,117.67,134.12,95.08,118.53,124.33
2021-12-01,119.57,136.48,95.01,121.93,125.38
2021-12-02,121.31,138.5,95.2,125.02,125.92
2021-12-03,121.7,138.13,95.83,126.17,125.73
2021-12-06,117.84,128.46,94.71,125.83,123.99
2021-12-07,116.97,126.94,94.76,124.85,123.05
2021-12-08,115.36,125.24,93.79,122.76,121.45
2021-12-09,115.16,125.94,93.7,121.55,120.78
2021-12-10,115.58,127.09,94.15,121.39,120.02
2021-12-13,114.59,125.64,92.68,121.32,119.14
2021-12-14,114.68,126.62,91.62,121.68,118.26
2021-12-15,115.62,129.1,90.8,122.85,117.68
2021-12-16,115.45,128.63,90.05,123.67,116.87
2021-12-17,115.67,129.33,89.03,124.77,115.85
2021-12-20,117.47,132.71,87.07,129.25,113.06
2021-12-21,119.57,134.81,87.12,133.76,112.67
2021-12-22,121.58,134.67,88.07,139.54,112.77
2021-12-23,125.71,137.14,88.43,149.74,113.34
2021-12-24,130.19,139.32,88.13,161.94,114.33
2021-12-29,87.59,90.72,58.43,109.24,94.78
2021-12-30,86.02,86.33,67.81,101.35,90.72
2021-12-31,78.26,78.25,67.17,86.72,86.25
2022-01-04,75.31,71.85,65.23,86.1,86.04
2022-01-05,88.96,75.46,89.2,104.35,86.54
2022-01-06,82.22,70.22,77.78,98.61,87.16
2022-01-07,79.67,64.97,76.38,97.31,88.02
2022-01-10,79.88,66.91,74.35,97.05,90.99
2022-01-11,90.88,72.19,92.05,109.4,96.83
2022-01-12,84.6,69.13,80.25,102.93,98.17
2022-01-13,84.96,69.01,81.31,102.94,99.74
2022-01-14,85.46,69.63,82.5,102.39,101.61
2022-01-17,87.36,71.32,85.31,102.98,106.75
2022-01-18,87.56,70.38,86.54,103.39,107.52
2022-01-19,87.45,69.46,87.2,103.23,108.54
2022-01-20,87.39,68.55,87.81,103.38,109.04
2022-01-21,87.58,68.55,88.23,103.52,109.46
2022-01-24,87.93,68.55,89.89,102.97,110.39
2022-01-25,88.66,70.3,90.49,102.79,110.46
2022-01-26,89.48,72.04,90.76,103.22,110.67
2022-01-27,90.04,72.42,91.4,103.91,111.31
2022-01-28,90.94,73.51,92.22,104.78,111.64
2022-01-31,93.71,76.86,94.37,107.55,114.01
2022-02-01,95.1,77.96,95.93,109.1,115.49
2022-02-02,96.24,78.8,96.96,110.75,116.19
2022-02-03,96.29,78.06,97.79,111.01,116.23
2022-02-04,96.42,78.36,98.36,110.55,116.23
2022-02-07,95.86,78.1,98.23,109.5,114.57
2022-02-08,95.62,77.88,98.43,108.95,113.81
2022-02-09,95.3,78.35,98.1,107.75,113.51
2022-02-10,95.56,79.89,97.66,107.24,113.66
2022-02-11,95.57,80.16,97.65,106.9,114.04
2022-02-14,96.39,82.16,97.05,107.73,114.7
2022-02-15,96.9,82.74,97.99,107.86,114.86
2022-02-16,97.5,82.91,99.86,107.78,115.42
2022-02-17,97.73,83.63,100.35,107.29,115.44
2022-02-18,98.01,83.66,100.66,107.76,115.96
2022-02-21,94.26,79.45,98.2,103.73,110.41
2022-02-22,93.46,78.2,98.54,102.33,109.73
2022-02-23,93.03,77.75,97.14,102.73,109.74
2022-02-24,92.91,76.79,97.21,103.22,110.4
2022-02-25,93.2,76.6,97.83,103.14,113.5
2022-02-28,97.75,79.83,99.4,108.84,132.14
2022-03-01,100.51,81.72,101.73,113.1,134.29
2022-03-02,101.23,81.39,102.28,115.26,134.52
2022-03-03,102.42,82.84,102.56,117.17,134.88
2022-03-04,102.61,83.12,102.3,118.52,131.19
2022-03-07,102.23,83.81,103.7,118.04,118.21
2022-03-08,101.32,83.32,103.66,115.84,117.37
2022-03-09,100.8,83.07,103.5,114.49,117.72
2022-03-10,100.17,82.21,103.55,113.32,117.86
2022-03-11,100.07,82.51,103.43,112.52,119.02
2022-03-14,99.17,81.92,102.25,111.16,119.99
2022-03-15,98.6,81.03,102.37,110.3,119.46
2022-03-16,98.88,82.15,102.78,109.81,118.35
2022-03-17,99.12,82.17,104.64,109.22,116.7
2022-03-18,98.99,82.54,104.35,108.84,115.84
2022-03-21,98.58,82.79,104.08,107.24,116.95
2022-03-22,98.85,83.7,103.92,107.12,117.56
2022-03-23,98.62,83.62,103.21,107.06,117.81
2022-03-24,98.41,84.03,101.31,107.5,118.45
2022-03-25,98.93,84.77,101.32,108.26,118.96
2022-03-28,103.07,88.75,101.62,116.25,122.39
2022-03-29,103.8,88.99,102.62,117.33,122.78
2022-03-30,104.42,89.18,103.28,118.45,123.13
2022-03-31,104.42,87.99,103.85,119.21,123.45
2022-04-01,105.75,88.86,105.18,121.1,124.45
2022-04-04,105.07,88.11,107.91,117.23,124.49
2022-04-05,105.38,87.96,107.72,118.33,125.68
2022-04-06,105.19,86.36,108.09,118.75,127.57
2022-04-07,106.12,88.49,108.1,118.95,129.56
2022-04-08,105.13,87.2,107.91,117.07,130.94
2022-04-11,104.21,85.97,106.97,115.21,136.03
2022-04-12,103.93,86.94,105.58,114.38,136.53
2022-04-13,105.04,89.94,105.37,114.65,137.43
2022-04-14,105.37,90.05,105.14,115.73,137.7
2022-04-19,89.05,82.24,76.27,101.03,123.04
2022-04-20,97.85,84.23,96.87,109.14,120.34
2022-04-21,96.28,83.62,96.6,105.37,118.45
2022-04-22,96.81,83.82,96.51,106.74,119.47
2022-04-25,96.6,86.73,92.96,105.8,120.65
2022-04-26,110.64,91.3,122.58,118.87,121.99
2022-04-27,101.16,88.12,102.27,109.96,123.13
2022-04-28,102.29,88.15,103.25,112.53,124.14
2022-04-29,103.24,88.4,104.29,113.98,125.93
2022-05-03,100.02,91.19,90.88,111.53,131.12
2022-05-04,110.4,94.76,112.55,121.4,131.29
2022-05-05,110.16,94.86,112.65,120.44,131.14
2022-05-06,109.92,94.76,112.77,119.85,130.3
2022-05-09,106.11,94.17,105.07,115.36,129.46
2022-05-10,114.79,92.1,129.4,123.84,128.28
2022-05-11,103.81,86.91,108.72,112.89,128.45
2022-05-12,103.67,86.73,108.74,112.6,128.56
2022-05-13,103.26,86.4,108.61,111.63,129.06
2022-05-16,102.13,84.46,107.54,110.99,129.6
2022-05-17,101.63,84.23,107.3,109.9,129.38
2022-05-18,100.44,83.82,106.39,107.39,129.12
2022-05-19,100.89,83.69,106.01,109.26,129.39
2022-05-20,100.64,83.46,106.0,108.78,129.11
2022-05-23,101.19,85.03,106.68,108.34,128.51
2022-05-24,101.29,85.31,106.96,108.1,128.48
2022-05-25,102.11,85.6,107.0,110.38,128.58
2022-05-26,102.01,85.43,108.31,108.92,129.11
2022-05-27,102.1,85.32,107.35,110.13,129.58
2022-05-30,103.73,86.74,108.07,112.22,133.95
2022-05-31,105.45,88.94,108.68,114.69,134.55
2022-06-01,107.88,92.44,109.04,118.08,135.74
2022-06-06,100.8,86.82,96.8,114.36,127.39
2022-06-07,103.8,86.48,105.64,116.62,126.31
2022-06-08,101.8,84.48,104.71,113.46,125.18
2022-06-09,101.76,83.72,103.57,114.98,126.28
2022-06-10,100.62,81.93,102.19,114.43,126.85
2022-06-13,105.32,85.79,111.12,116.34,130.86
2022-06-14,99.72,82.41,99.55,112.29,131.85
2022-06-15,99.98,82.96,99.99,112.07,132.07
2022-06-16,99.65,82.48,100.39,111.13,132.28
2022-06-17,99.88,82.92,100.38,111.41,132.26
2022-06-20,100.24,81.29,101.79,112.87,133.32
2022-06-21,100.39,82.1,101.77,112.4,133.68
2022-06-22,99.93,81.64,100.67,112.57,132.9
2022-06-23,99.5,81.71,99.42,112.2,133.13
2022-06-24,98.8,81.25,98.41,111.52,132.5
2022-06-27,99.21,83.68,96.97,110.74,135.77
2022-06-28,99.74,84.23,96.96,111.56,137.14
2022-06-29,100.74,84.95,98.1,112.31,140.11
2022-06-30,101.57,85.79,99.06,112.89,141.48
2022-07-01,103.8,88.45,100.47,115.2,144.71
2022-07-04,104.85,89.14,102.51,115.33,147.64
2022-07-05,105.7,89.7,103.53,116.36,148.35
2022-07-06,105.82,89.28,105.1,115.78,148.39
2022-07-07,104.84,90.09,103.37,113.3,148.4
2022-07-08,104.38,89.2,103.1,113.27,147.22
2022-07-11,102.64,86.46,100.6,112.89,147.65
2022-07-12,101.94,86.29,100.01,111.29,147.95
2022-07-13,101.51,86.39,98.39,111.29,147.83
2022-07-14,102.12,86.03,99.49,112.68,147.7
2022-07-15,101.51,86.29,99.38,110.54,147.52
2022-07-18,101.97,86.5,99.52,111.8,147.0
2022-07-19,100.99,84.29,98.51,112.36,145.42
2022-07-20,100.14,81.4,99.34,112.45,143.6
2022-07-21,99.96,80.17,100.19,112.38,143.89
2022-07-22,100.01,78.68,100.02,114.39,143.76
2022-07-25,97.85,76.26,99.81,111.34,138.87
2022-07-26,98.84,78.21,100.59,110.97,142.18
2022-07-27,99.43,80.73,99.21,110.99,143.67
2022-07-28,100.19,83.0,98.64,111.66,142.73
2022-07-29,100.39,84.69,99.07,109.94,143.11
2022-08-01,104.08,89.88,100.59,113.92,146.79
2022-08-02,104.23,88.97,101.37,115.38,143.84
2022-08-03,104.49,89.57,101.67,115.48,142.81
2022-08-04,104.17,88.57,101.67,115.64,142.39
2022-08-05,103.78,87.96,101.9,115.17,140.97
2022-08-08,99.67,83.09,99.24,110.47,137.42
2022-08-09,99.14,83.78,98.82,108.43,137.1
2022-08-10,98.08,81.55,98.29,107.91,137.33
2022-08-11,97.47,80.67,97.75,107.34,137.59
2022-08-12,96.27,80.19,96.76,104.76,138.13
2022-08-15,95.8,76.84,96.06,107.52,138.62
2022-08-16,94.23,74.88,93.44,107.16,137.88
2022-08-17,93.87,74.95,92.6,106.92,136.8
2022-08-18,93.16,73.06,93.57,106.1,135.64
2022-08-19,93.15,73.26,92.11,107.53,133.88
2022-08-22,92.6,75.27,94.2,102.29,130.78
2022-08-23,93.27,75.35,94.94,103.76,130.31
2022-08-24,93.32,75.15,95.43,103.65,130.62
2022-08-25,93.76,77.05,94.27,103.91,131.22
2022-08-26,94.24,75.55,95.9,105.33,132.65
2022-08-30,89.72,78.43,78.3,102.79,136.18
2022-08-31,98.62,82.66,96.11,110.45,137.16
2022-09-01,99.84,84.57,96.76,111.39,138.47
2022-09-02,101.11,86.51,97.31,112.76,138.9
2022-09-05,98.39,86.49,90.58,110.39,137.59
2022-09-06,108.62,87.53,114.99,120.16,137.41
2022-09-07,99.88,83.27,97.46,112.76,136.57
2022-09-08,98.21,80.09,96.32,112.21,135.27
2022-09-09,96.81,78.98,95.67,109.7,134.28
2022-09-12,95.47,77.21,94.8,108.01,134.8
2022-09-13,95.19,78.17,95.17,105.58,135.28
2022-09-14,94.67,77.53,94.61,105.01,135.83
2022-09-15,94.89,78.37,95.07,104.32,136.11
2022-09-16,95.12,78.68,94.77,104.81,136.85
2022-09-20,84.3,71.9,75.66,94.83,136.49
2022-09-21,92.88,75.46,95.47,100.35,137.6
2022-09-22,94.08,76.43,95.31,103.21,137.91
2022-09-23,94.23,76.5,95.3,103.72,137.63
2022-09-26,94.34,80.97,89.22,104.46,138.43
2022-09-27,108.51,88.28,115.44,117.95,140.07
2022-09-28,100.79,85.66,95.85,113.85,139.62
2022-09-29,101.29,86.74,96.52,113.48,140.43
2022-09-30,102.03,88.33,97.3,113.19,141.29
2022-10-03,105.42,91.72,99.47,118.04,143.2
2022-10-04,107.2,90.79,101.86,122.62,143.36
2022-10-05,106.95,91.22,102.33,121.07,142.64
2022-10-06,106.56,90.24,102.16,121.43,140.91
2022-10-07,106.58,89.38,103.18,121.57,140.62
2022-10-10,104.1,85.85,105.49,116.1,137.11
2022-10-11,102.36,86.97,105.39,109.33,136.94
2022-10-12,102.97,88.48,105.12,109.88,136.87
2022-10-13,102.35,88.61,105.52,107.28,137.27
2022-10-14,101.02,87.38,103.84,106.05,136.48
2022-10-17,99.6,86.91,99.95,105.91,134.7
2022-10-18,98.62,85.07,99.26,105.54,134.08
2022-10-19,97.92,83.18,99.24,105.48,133.69
2022-10-20,97.45,82.99,98.35,105.03,133.42
2022-10-21,97.35,82.59,98.87,104.81,132.79
2022-10-24,95.97,80.45,97.75,103.94,131.96
2022-10-25,95.91,81.15,95.84,104.7,131.9
2022-10-26,97.28,83.55,96.81,105.45,132.47
2022-10-27,97.72,83.16,97.63,106.42,133.2
2022-10-28,98.57,84.29,97.59,107.75,134.2
2022-10-31,101.87,88.75,98.85,111.39,138.54
2022-11-01,103.83,89.94,100.73,114.35,140.16
2022-11-02,103.45,88.27,100.73,114.78,141.12
2022-11-03,103.99,88.5,100.95,115.98,141.57
2022-11-04,104.15,88.21,101.27,116.46,141.94
2022-11-07,102.96,87.36,99.01,116.04,139.87
2022-11-08,102.69,88.41,99.67,113.74,138.3
2022-11-09,102.89,89.59,99.41,113.5,137.47
2022-11-10,102.67,90.7,98.53,112.37,137.31
2022-11-11,102.84,92.54,97.73,111.8,136.34
2022-11-14,104.84,98.55,98.81,110.57,136.49
2022-11-15,104.51,98.22,97.8,110.7,136.98
2022-11-16,104.86,100.26,96.61,110.65,137.03
2022-11-17,104.98,100.45,96.33,111.06,137.09
2022-11-18,104.9,100.42,95.6,111.28,137.97
2022-11-21,106.06,103.06,94.43,113.07,138.56
2022-11-22,106.47,103.62,94.89,113.47,137.96
2022-11-23,107.14,105.05,95.1,113.76,138.36
2022-11-24,107.91,106.64,95.16,114.48,138.26
2022-11-25,109.11,108.74,95.4,115.81,138.2
2022-11-28,114.39,119.43,97.16,119.07,139.72
2022-11-29,118.3,125.49,98.07,123.89,141.03
2022-11-30,118.45,125.38,98.99,123.65,141.05
2022-12-01,121.08,128.68,100.16,127.15,142.42
2022-12-02,122.51,129.88,101.21,129.3,143.34
2022-12-05,120.55,123.6,101.38,129.99,142.35
2022-12-06,120.67,122.44,101.54,131.63,141.99
2022-12-07,121.12,123.66,101.22,131.99,142.03
2022-12-08,120.11,122.85,100.33,130.66,141.0
2022-12-09,119.19,123.89,99.78,127.06,140.74
2022-12-12,120.18,125.59,98.31,130.05,139.26
2022-12-13,119.49,125.93,97.0,129.02,137.45
2022-12-14,120.02,128.29,95.93,129.57,135.2
2022-12-15,120.52,129.62,95.4,130.58,133.33
2022-12-16,122.8,132.76,95.06,135.09,131.99
2022-12-19,123.53,136.63,93.58,135.31,128.26
2022-12-20,126.11,140.21,93.34,139.87,128.39
2022-12-21,128.27,142.23,93.38,144.42,129.29
2022-12-22,132.13,147.19,93.56,151.07,130.02
2022-12-23,136.29,150.58,93.88,160.48,130.19
2022-12-28,103.6,110.38,63.7,131.22,109.86
2022-12-29,103.7,103.33,78.84,126.58,105.11
2022-12-30,96.08,94.34,78.68,113.04,100.41
2023-01-03,89.52,85.13,73.17,107.29,99.34
2023-01-04,100.17,80.74,106.19,116.45,99.69
2023-01-05,91.92,74.08,90.85,110.99,100.5
2023-01-06,89.83,68.37,89.64,111.62,100.8
2023-01-09,88.25,71.26,83.73,108.22,102.82
2023-01-10,100.14,72.31,109.23,120.93,109.3
2023-01-11,92.14,71.06,92.46,111.15,111.76
2023-01-12,91.95,69.62,93.43,110.74,114.19
2023-01-13,91.99,69.11,94.69,109.75,116.79
2023-01-16,93.55,69.76,96.98,110.93,121.61
2023-01-17,94.49,71.34,98.46,110.82,121.88
2023-01-18,93.92,70.06,98.09,110.58,122.65
2023-01-19,94.35,71.17,97.77,110.86,123.34
2023-01-20,94.77,72.21,97.59,111.13,123.83
2023-01-23,94.64,70.77,97.7,111.76,125.92
2023-01-24,94.62,69.4,97.98,112.93,126.18
2023-01-25,95.46,71.45,98.16,113.19,126.22
2023-01-26,95.96,70.85,98.48,115.14,126.5
2023-01-27,96.33,70.1,99.11,116.47,127.01
2023-01-30,99.77,75.2,101.4,119.48,128.85
2023-01-31,101.54,77.82,102.43,121.37,128.73
2023-02-01,102.58,78.33,102.95,123.61,129.2
2023-02-02,103.74,80.68,103.63,124.26,128.59
2023-02-03,104.33,81.41,104.06,125.08,128.04
2023-02-06,103.48,80.41,104.0,123.97,125.92
2023-02-07,102.83,80.0,103.45,122.7,126.32
2023-02-08,101.93,79.63,102.81,120.82,126.26
2023-02-09,101.24,79.78,101.93,119.04,126.96
2023-02-10,101.09,81.41,101.08,117.42,127.46
2023-02-13,99.91,80.12,99.32,116.46,128.19
2023-02-14,99.83,81.27,97.21,116.94,127.87
2023-02-15,99.94,82.4,95.25,117.94,127.36
2023-02-16,100.1,82.38,96.4,117.46,127.16
2023-02-17,100.89,80.71,101.74,117.08,126.75
2023-02-20,99.04,77.36,101.47,115.23,125.96
2023-02-21,97.74,74.27,102.22,113.76,125.93
2023-02-22,97.41,72.31,104.26,113.08,125.67
2023-02-23,96.44,70.2,103.1,113.46,125.27
